date,vwretd
19260130,0.0005608426983281094
19260227,-0.03360435446383776
19260331,-0.06614193925896462
19260430,0.036359894140843424
19260528,0.012022439977217384
19260630,0.05227361371749892
19260731,0.030927767693226815
19260831,0.02824434648996711
19260930,0.005770319637400168
19261030,-0.029424691234827514
19261130,0.028153932378693125
19261231,0.028792489281278904
19270131,0.0024130861642743637
19270228,0.044370889735496764
19270331,0.0037489638450285607
19270430,0.00719902472669286
19270531,0.05616575465013114
19270630,-0.02131250659045023
19270730,0.07258016278999535
19270831,0.022240828935895383
19270930,0.048717780597423585
19271031,-0.04162439969453225
19271130,0.06621180791209351
19271231,0.023503613327890152
19280131,-0.0033455902510965588
19280229,-0.014583828944975518
19280331,0.08661613222404052
19280430,0.042911969001295076
19280531,0.01753535308906047
19280630,-0.046300515917194744
19280731,0.009356094924025029
19280831,0.06785115330805613
19280929,0.031012114603392534
19281031,0.019045477985871428
19281130,0.11466707497812591
19281231,0.0055416168386720885
19290131,0.052530778388286535
19290228,-0.0004460994875820205
19290328,-0.007838642038240109
19290430,0.017033109445129074
19290531,-0.061793492179312084
19290629,0.09673915832801624
19290731,0.04493321187290815
19290830,0.08189606606642692
19290930,-0.05177235648789764
19291031,-0.2190071181618132
19291127,-0.132174599199433
19291231,0.016257133769269794
19300131,0.05676494755335194
19300228,0.027850547889037406
19300331,0.07197734683991104
19300430,-0.020754900564478658
19300529,-0.014109066418761522
19300630,-0.17432957790441045
19300731,0.041107393790008946
19300829,0.003656307553475421
19300930,-0.1333085603106298
19301031,-0.09055838747297483
19301129,-0.028458118216514474
19301231,-0.08092701522489654
19310131,0.06182860262293326
19310228,0.10408520279196296
19310331,-0.06492899736349086
19310430,-0.1056038786015188
19310529,-0.14368101190573904
19310630,0.131326463554057
19310731,-0.0687479014945503
19310831,0.0030732726560256454
19310930,-0.34493131394584775
19311031,0.07835728815166274
19311130,-0.09255617555772713
19311231,-0.14499224660068114
19320130,-0.010589875318138995
19320229,0.05606175717623054
19320331,-0.11720707655267633
19320430,-0.1977402157375086
19320531,-0.23092121911001698
19320630,-0.0042982241448532915
19320730,0.2931493496175357
19320831,0.31582336564754854
19320930,-0.02906739300284464
19321031,-0.14220086412836908
19321130,-0.06002605099569725
19321231,0.044234086707248835
19330131,0.009765165196214471
19330228,-0.166295463398148
19330331,0.03256883066408687
19330429,0.33227988957352095
19330531,0.19331177581885647
19330630,0.1251902014114521
19330731,-0.1013032021418306
19330831,0.11447534906533582
19330930,-0.11186607544247776
19331031,-0.08735689121825141
19331129,0.09521562988007617
19331230,0.017718103243580325
19340131,0.11936311999870193
19340228,-0.02458679318944175
19340331,0.0044152384734096215
19340430,-0.018515356185266434
19340531,-0.07501777051014806
19340630,0.025028166042112075
19340731,-0.11581834193168043
19340831,0.05547538723377556
19340929,-0.0023647939223634504
19341031,-0.019075791505321488
19341130,0.07889897693974872
19341231,0.003547699465653268
19350131,-0.033987072573868425
19350228,-0.019653878359851284
19350330,-0.03667746993969968
19350430,0.08659228918460202
19350531,0.033977182148958396
19350629,0.05618749820942965
19350731,0.07153896078231561
19350831,0.026420874382794675
19350930,0.025739868904047825
19351031,0.06713421191557893
19351130,0.051521668308241494
19351231,0.04585825126259852
19360131,0.06724641398414168
19360229,0.025084730823918655
19360331,0.008219130219430626
19360430,-0.08499268863998162
19360529,0.050733988004892386
19360630,0.024371585456918952
19360731,0.06387017284259858
19360831,0.010890482831172785
19360930,0.011828763513144333
19361031,0.06764556427606763
19361130,0.032325844233828595
19361231,0.0027920984627734487
19370130,0.0327169169396151
19370227,0.01302875595348731
19370331,-0.002735738723013355
19370430,-0.07841137235818707
19370528,-0.0070789970802989845
19370630,-0.04264448758563866
19370731,0.08592537083169197
19370831,-0.04957372106997694
19370930,-0.1469038350851662
19371030,-0.10070249222405646
19371130,-0.08670560556066012
19371231,-0.04162856971459006
19380131,0.006753146092631737
19380228,0.05639262069521262
19380331,-0.2723548041290224
19380430,0.1362453315584224
19380531,-0.03983602241720583
19380630,0.21342770496740088
19380730,0.06961654362970975
19380831,-0.027514064144042713
19380930,0.008872522503596839
19381031,0.0759670287509489
19381130,-0.018373768601140417
19381231,0.04106420518488374
19390131,-0.06228080503103242
19390228,0.034647773183144215
19390331,-0.12865984931222987
19390429,-0.0019338687192984136
19390531,0.06669650351777674
19390630,-0.0551174392228093
19390731,0.0973471945893395
19390831,-0.06963307637437474
19390930,0.149983437493121
19391031,-0.004199806855467262
19391130,-0.037837909666861645
19391230,0.029253901395073174
19400131,-0.024513003721010184
19400229,0.014650160420994577
19400330,0.01847134938198118
19400430,0.0008366499108361105
19400531,-0.24988801751719067
19400629,0.06471600538631007
19400731,0.03142405187262633
19400831,0.024005547346801014
19400930,0.022854827336106397
19401031,0.0296976275563208
19401130,-0.016893901742970806
19401231,0.00656440705756111
19410131,-0.04210093701866397
19410228,-0.013897119185730205
19410331,0.009470017501373992
19410430,-0.05553173759542742
19410531,0.01305441907370944
19410630,0.05684808791606174
19410731,0.05783768308434989
19410830,-0.001156668683381713
19410930,-0.007640111466147506
19411031,-0.054378047349474753
19411129,-0.02047927617140429
19411231,-0.0478172376160016
19420131,0.00893892846905747
19420228,-0.02393517451902643
19420331,-0.06736277224950213
19420430,-0.044561268566396556
19420529,0.05843304559608004
19420630,0.025445499831338866
19420731,0.03471635296826517
19420831,0.018240623689750116
19420930,0.0267091146681228
19421031,0.06680594857997281
19421130,0.0011763078785313951
19421231,0.050017981521687155
19430130,0.07081441147521418
19430227,0.05871974987578502
19430331,0.05995993036977677
19430430,0.007306244275699104
19430529,0.05556904034367127
19430630,0.01720219026518049
19430731,-0.048930824061570864
19430831,0.013354431313301057
19430930,0.023791719102790154
19431030,-0.011640488365022355
19431130,-0.0617722175526013
19431231,0.062239317493436384
19440131,0.017869387242245984
19440229,0.003453031419087645
19440331,0.024466245507861892
19440429,-0.016621372856272874
19440531,0.0496555039406669
19440630,0.05528521605548946
19440731,-0.01531061152281713
19440831,0.015476616925157878
19440930,0.0004528974264760718
19441031,0.002116758086018511
19441130,0.016530613425760322
19441230,0.04024903040766295
19450131,0.020016329950336986
19450228,0.062483598730000284
19450331,-0.03996507011820241
19450430,0.07532266268980337
19450531,0.01802163049779541
19450630,0.00466510147313523
19450731,-0.022313095887088727
19450831,0.05999006758830217
19450929,0.04716694269608596
19451031,0.0380171044915099
19451130,0.05340710870706821
19451231,0.012919186762654775
19460131,0.06147320284615936
19460228,-0.060022865408144846
19460330,0.05632456628568589
19460430,0.04142309382386497
19460531,0.039408195577353235
19460628,-0.03943545620892093
19460731,-0.026661274133499443
19460830,-0.06663992754622727
19460930,-0.10761082348010274
19461031,-0.014265266814042955
19461130,0.0006967572083106023
19461231,0.048943485748411224
19470131,0.012999143842526617
19470228,-0.011152963726269085
19470331,-0.016932549911408388
19470430,-0.04887306760582694
19470529,-0.009671619696731066
19470630,0.05185783500450511
19470731,0.0405160277171863
19470829,-0.01750939875587706
19470930,-0.004677924447349286
19471031,0.024527720947711332
19471129,-0.01892800988551891
19471231,0.030245944745827088
19480131,-0.038645198793445114
19480228,-0.044392946118737044
19480331,0.07939141870783718
19480430,0.03741909120665305
19480528,0.07168697246899283
19480630,-0.00028003920731881727
19480730,-0.05159649824393127
19480831,0.0037549413754915184
19480930,-0.030266442559905862
19481030,0.058566976904610005
19481130,-0.09659570573883097
19481231,0.032046966328253566
19490131,0.0030692849222947035
19490228,-0.02927640212021248
19490331,0.04069750677197686
19490430,-0.018135457795876598
19490531,-0.028901658207989206
19490630,0.00217762724777424
19490729,0.05484512914778597
19490831,0.026560135975208243
19490930,0.03157812126714286
19491031,0.031305819008016454
19491130,0.018365320355454115
19491231,0.050946884394536554
19500131,0.01760806414028787
19500228,0.015119127794978145
19500331,0.012661503785336032
19500429,0.03987242382066669
19500531,0.04322518454451887
19500630,-0.0597691128685943
19500731,0.015993420687572764
19500831,0.04962315047332387
19500929,0.047879273243752386
19501031,-0.0011847014817575633
19501130,0.02864187713980928
19501230,0.05632929243599547
19510131,0.057074799233233685
19510228,0.013987714195878437
19510331,-0.021341110154251948
19510430,0.04884825772006417
19510531,-0.022720159156272856
19510629,-0.025864624127657228
19510731,0.0691631236598945
19510831,0.04402071316064472
19510928,0.009045961638540632
19511031,-0.022888965140794658
19511130,0.0061739021834599115
19511231,0.03465839852816616
19520131,0.01685908363282742
19520229,-0.025462433826718214
19520331,0.044849074936169776
19520430,-0.05039685420487878
19520529,0.03231906687350404
19520630,0.03881197578538929
19520731,0.011339464569905542
19520829,-0.006755768904071399
19520930,-0.019332677739772815
19521031,-0.005323142818858818
19521128,0.05765268055891545
19521231,0.030593218504830696
19530130,-0.0016453528509279074
19530227,-0.0018216582122697088
19530331,-0.012945431693049892
19530430,-0.02809602262549526
19530529,0.006897159814905416
19530630,-0.016512585424265785
19530731,0.02480089941006914
19530831,-0.04505594505231673
19530930,0.0030054790198282295
19531030,0.04642832961367623
19531130,0.028102402400144368
19531231,0.0006777702618357417
19540129,0.05137919069835674
19540226,0.017398759928627865
19540331,0.03669541187774219
19540430,0.042256485146426576
19540528,0.031211804212732255
19540630,0.011493693711214305
19540730,0.04942615236225071
19540831,-0.02302607703249867
19540930,0.06263013883387372
19541029,-0.016348918221333848
19541130,0.09110772548621562
19541231,0.05398521790809196
19550131,0.006814726912013803
19550228,0.03087250206673569
19550331,-0.0009954953411034923
19550429,0.03183969417433141
19550531,0.011961179029273978
19550630,0.06401463393263049
19550729,0.020043774688398203
19550831,0.004188217161306966
19550930,-0.002011020747407992
19551031,-0.026089387626600825
19551130,0.06939918892883837
19551230,0.01640765520828322
19560131,-0.028521910000154384
19560229,0.038845642823198155
19560329,0.06621461570596773
19560430,0.005070125165591767
19560531,-0.05056619037070285
19560629,0.036573944318107406
19560731,0.049580328098150425
19560831,-0.03027365768982717
19560928,-0.050880747917601485
19561031,0.00726554191173001
19561130,0.004667092162680286
19561231,0.03435987996055795
19570131,-0.03264819951871109
19570228,-0.01888011294342376
19570329,0.023825895636306754
19570430,0.0441881626140265
19570531,0.0360223345583723
19570628,-0.005066814653071574
19570731,0.0088982925063238
19570830,-0.051346980039125606
19570930,-0.05931061050755334
19571031,-0.04212596932598694
19571129,0.025282682367392714
19571231,-0.03807576885222988
19580131,0.048404375476828854
19580228,-0.014359607441599838
19580331,0.03314459859230209
19580430,0.030367213253368892
19580529,0.024284724537299986
19580630,0.029066448045398124
19580731,0.04386759197641261
19580829,0.018999363589782655
19580930,0.04753223044531624
19581031,0.026821077508260037
19581128,0.030150859950493453
19581231,0.05173724582652556
19590130,0.009078663933204055
19590227,0.011157522695877014
19590331,0.004658134028520297
19590430,0.037198477504684024
19590529,0.019405489623923244
19590630,0.0006757716149196457
19590731,0.033784811528482186
19590831,-0.01252410015764678
19590930,-0.046019855021782664
19591030,0.015623317901080876
19591130,0.018386919772663372
19591231,0.027656994951948122
19600129,-0.06854011685294345
19600229,0.01431603480932648
19600331,-0.012904911330549143
19600429,-0.015388802567951361
19600531,0.03352954915799058
19600630,0.02257622828672224
19600729,-0.0229667277867283
19600831,0.031706978694329147
19600930,-0.0604646971050732
19601031,-0.0047161033537090865
19601130,0.047472153117194285
19601230,0.04739585924460442
19610131,0.06199027711988561
19610228,0.03633675083653781
19610330,0.030150859950493453
19610428,0.005629126696017124
19610531,0.025564427571179535
19610630,-0.028912980829093864
19610731,0.02951511196674985
19610831,0.026499759204665446
19610929,-0.020192503287948034
19611031,0.026964176974801527
19611130,0.04444837126073544
19611229,0.0007127459362577564
19620131,-0.03681648562587268
19620228,0.019324081438824678
19620330,-0.004699023136468469
19620430,-0.06553635213871473
19620531,-0.0884159993735708
19620629,-0.08622804750865612
19620731,0.06338598221968067
19620831,0.02314702854656942
19620928,-0.05145962400902884
19621031,0.002185609813849981
19621130,0.10448343113162206
19621231,0.01179516275732173
19630131,0.05054861718429516
19630228,-0.022175059288766175
19630329,0.032386838409872
19630430,0.04634813722828214
19630531,0.019852626046221417
19630628,-0.018194520992495803
19630731,-0.0017184757339653689
19630830,0.051343093147571656
19630930,-0.011969347696637453
19631031,0.027331079991463805
19631129,-0.005564452892412771
19631231,0.02150412011240667
19640131,0.025463047436529967
19640228,0.017060636178012296
19640331,0.017482290336447208
19640430,0.004596420256973049
19640528,0.017253302094926478
19640630,0.014967427121786392
19640731,0.019918306879548583
19640831,-0.011329942079244627
19640930,0.030024713105695454
19641030,0.008829901426278215
19641130,0.00308523576180768
19641231,0.003683208651589831
19650129,0.037917941838201914
19650226,0.006921987670966641
19650331,-0.00976249849477008
19650430,0.033098162378238226
19650528,-0.004360493146962443
19650630,-0.053261545913845694
19650730,0.016621101016236088
19650831,0.03041571653899107
19650930,0.031452154349764685
19651029,0.0288507846659526
19651130,0.003060312463257731
19651231,0.013454086516248378
19660131,0.01204911695898525
19660228,-0.00865837578664183
19660331,-0.02114498785911507
19660429,0.02453357555440858
19660531,-0.053968448370701416
19660630,-0.010370589149316349
19660729,-0.01295353596258174
19660831,-0.0783810889268989
19660930,-0.00698231975891058
19661031,0.04142405324652292
19661130,0.017364363026704285
19661230,0.006190797407727178
19670131,0.08206834698793866
19670228,0.010885536975923088
19670331,0.0424692770051614
19670428,0.04076663298783378
19670531,-0.040085807239289166
19670630,0.02654650282952525
19670731,0.048018437893868254
19670831,-0.006301814789928676
19670929,0.0337113335853675
19671031,-0.027816311261117384
19671130,0.007870942700568137
19671229,0.03314363119316903
19680131,-0.03700740432932599
19680229,-0.03420228654705237
19680329,0.0051039526454478325
19680430,0.08997597821362288
19680531,0.026680878581330926
19680628,0.011461070299563817
19680730,-0.02227014912572809
19680830,0.0178762632438708
19680930,0.043494260834057774
19681031,0.009000374837299128
19681129,0.056853756325449346
19681231,-0.03445998343174338
19690131,-0.006733620019266877
19690228,-0.05513328931894057
19690328,0.03004897335019133
19690430,0.02031916053658008
19690529,0.005027341714025297
19690630,-0.06976602743785744
19690731,-0.06739165411997965
19690829,0.05020915692284598
19690930,-0.022849062972720397
19691031,0.0541443761884953
19691128,-0.03269262754660475
19691231,-0.019876230004792647
19700130,-0.07607575311922891
19700227,0.055156522503047936
19700331,-0.004740217098243241
19700430,-0.11128693110643266
19700529,-0.0665095289646081
19700630,-0.05241708349679557
19700731,0.0715482703390412
19700831,0.04882444929597602
19700930,0.046439785143785904
19701030,-0.01837580569042508
19701130,0.04921673983975898
19701231,0.05895075108791864
19710129,0.05072163101917924
19710226,0.016771567684464965
19710331,0.043804422656772916
19710430,0.03278853249957768
19710528,-0.03708834826013202
19710630,0.003114146009944416
19710730,-0.04111682964652635
19710831,0.04163222619390512
19710930,-0.005028622354845403
19711029,-0.04153370606017293
19711130,-0.0012627969926069975
19711231,0.08733024281318574
19720131,0.027986693339266573
19720229,0.03086765405904865
19720330,0.008685174444554635
19720428,0.005489902868628868
19720531,0.016242375545864583
19720630,-0.02111843258840287
19720731,-0.004263074001010256
19720831,0.035334324765932894
19720929,-0.007699565726440575
19721031,0.008638579794702391
19721130,0.04856537700192763
19721229,0.011180267240524679
19730131,-0.027837903836973647
19730228,-0.045384470134604074
19730330,-0.007888028860535665
19730430,-0.0531571355239678
19730531,-0.024813319875202668
19730629,-0.008685610948649856
19730731,0.055397809329437595
19730831,-0.03010566174194789
19730928,0.052526983080615056
19731031,-0.0004150861363319304
19731130,-0.1286439271941328
19731231,0.011372091948926312
19740131,0.0044032912681097975
19740228,0.0023422547783589188
19740329,-0.023641265449508835
19740430,-0.0470507278662909
19740531,-0.04288766822256139
19740628,-0.023209263297111333
19740731,-0.07351091965581108
19740830,-0.0918488770301805
19740930,-0.1162170125109734
19741031,0.1532222489686798
19741129,-0.04191217188104277
19741231,-0.027376335555481277
19750131,0.13243078718048956
19750228,0.05676967162281637
19750331,0.02974325124919769
19750430,0.04544839620128952
19750530,0.053673459545775924
19750630,0.05019203822751853
19750731,-0.0622850620847043
19750829,-0.023839926230735137
19750930,-0.03875122338085406
19751031,0.05435275944773847
19751128,0.030744506782993192
19751231,-0.011058925116778015
19760130,0.11868218685431685
19760227,0.007283411446258746
19760331,0.02638873433790303
19760430,-0.010456478924494562
19760528,-0.009369759417383664
19760630,0.0435584071259215
19760730,-0.00615490261195305
19760831,-0.0013989781137082674
19760930,0.024217377732953505
19761029,-0.02058237121747244
19761130,0.005348670326029233
19761231,0.059768726230519494
19770131,-0.03700221583926476
19770228,-0.015869253164678715
19770331,-0.009292037575740649
19770429,0.004949729850913543
19770531,-0.010835492493169159
19770630,0.050093124471672974
19770729,-0.012888703645269605
19770831,-0.013427750073055585
19770930,0.001570765701375553
19771031,-0.040070193859871775
19771130,0.044437849430568215
19771230,0.008189375340124165
19780131,-0.056780955674481125
19780228,-0.009318280638994076
19780331,0.03344348011025277
19780428,0.07959922473412864
19780531,0.02296429063375855
19780630,-0.010806176985010468
19780731,0.05518964374999967
19780831,0.041496966675289994
19780929,-0.0069128387068186775
19781031,-0.11765241918708584
19781130,0.03322875873459202
19781229,0.01755304004758214
19790131,0.048342444910501686
19790228,-0.027129704888790865
19790330,0.06355022042927154
19790430,0.00848390964831025
19790531,-0.013663927726375272
19790629,0.045787565640693105
19790731,0.014879745459364708
19790831,0.06272312430143931
19790928,0.0014249842275462746
19791031,-0.07543716282869402
19791130,0.061663141191991316
19791231,0.027824289134294126
19800131,0.06354458985148044
19800229,0.0010144852357943208
19800331,-0.12808794936662324
19800430,0.05096589079684366
19800530,0.05835381018007155
19800630,0.03702021691324451
19800731,0.0671332768454462
19800829,0.023280884864225717
19800930,0.029071304793193566
19801031,0.019895760214076814
19801128,0.09980189511219198
19801231,-0.03501700114439918
19810130,-0.0409105401069666
19810227,0.015399811858348926
19810331,0.04514830253923283
19810430,-0.011329942079244627
19810529,0.013455073151776966
19810630,-0.010295820527853215
19810731,-0.0030837498729116303
19810831,-0.05792682664051875
19810930,-0.06590051489679212
19811030,0.05842172663531153
19811130,0.04482803959584092
19811231,-0.028498244831423204
19820129,-0.026558577420422887
19820226,-0.052479260525354364
19820331,-0.010152361259936453
19820430,0.04235905264096043
19820528,-0.028618634337925365
19820630,-0.0242035571974575
19820730,-0.020738565149400486
19820831,0.1124497277083523
19820930,0.016627002096428787
19821029,0.11210651018372869
19821130,0.050637029092581304
19821231,0.014405737307601267
19830131,0.040992220031070725
19830228,0.02976751832290542
19830331,0.034090267201119705
19830429,0.07156223451162917
19830531,0.013138313140227533
19830630,0.0371387396574641
19830729,-0.032079075463746234
19830831,0.0034590107187521743
19830930,0.015899923606335943
19831031,-0.028479724655234104
19831130,0.029127641343876777
19831230,-0.010519132590209252
19840131,-0.013110569150095498
19840229,-0.03985683543616622
19840330,0.013301146239128455
19840430,0.00253478471710952
19840531,-0.05373838645348205
19840629,0.02311478310599869
19840731,-0.020838623755238695
19840831,0.10678140571526626
19840928,0.0004029188173102815
19841031,-7.300266462966917e-05
19841130,-0.010742494531981365
19841231,0.02337760200135647
19850131,0.08224244033280843
19850228,0.01675681705129389
19850329,-0.0017485277841185775
19850430,-0.002189394977013674
19850531,0.05427414722804403
19850628,0.01694659192281888
19850731,-0.00025103150577207735
19850830,-0.004805528076489246
19850930,-0.0406407609440519
19851031,0.04348181406196037
19851129,0.06693689274369798
19851231,0.0421596594474684
19860131,0.009781999854617302
19860228,0.06999330422053263
19860331,0.05248523374551466
19860430,-0.00793439421957311
19860530,0.049596505655406395
19860630,0.014143507385664571
19860731,-0.06155630569910581
19860829,0.06408498080370106
19860930,-0.08231695848921716
19861031,0.048128040251858135
19861128,0.014980233912143882
19861231,-0.026741384891800907
19870130,0.12088843114302697
19870227,0.04680915564807202
19870331,0.02338834777252927
19870430,-0.017142089667257724
19870529,0.005109922081932997
19870630,0.04272897507647008
19870731,0.04329605151575155
19870831,0.03647367426377163
19870930,-0.020991794074806468
19871030,-0.2553581646019295
19871130,-0.07501669260742336
19871231,0.06796140637633324
19880129,0.04389726103718314
19880229,0.05039934493377688
19880331,-0.01673729024594312
19880429,0.010933016176580147
19880531,0.0004469001252616498
19880630,0.050176821363428596
19880729,-0.007298569881147256
19880831,-0.028405647380256176
19880930,0.03652863121176579
19881031,0.0174911343240833
19881130,-0.016547152110523662
19881230,0.020852076431751153
19890131,0.06400806797216403
19890228,-0.01657866983645118
19890331,0.021237871350310085
19890428,0.047081085478494
19890531,0.03858204771145749
19890630,-0.004867828676906319
19890731,0.07429823976597748
19890831,0.02188477185344531
19890929,-0.001474085931015205
19891031,-0.029722365617304083
19891130,0.01765915522981663
19891229,0.01812867800489391
19900131,-0.07269328099361803
19900228,0.014790085472635345
19900330,0.02386104742368126
19900430,-0.028690669178121395
19900531,0.08520015438247605
19900629,-0.004201815274760888
19900731,-0.009436382947021971
19900831,-0.09640407789273626
19900928,-0.055347818662991745
19901031,-0.012577769549145046
19901130,0.06367127018415288
19901231,0.029083932227070945
19910131,0.04791644925836389
19910228,0.07310918782038194
19910328,0.028511652229543525
19910430,0.0033055307087238596
19910531,0.03992911602286167
19910628,-0.045022470848371986
19910731,0.04572738340312808
19910830,0.026453987288065663
19910930,-0.011039714015592058
19911031,0.017689612137470095
19911129,-0.03800409353515279
19911231,0.10145670569755684
19920131,-0.0011646779741590655
19920228,0.013266608100385312
19920331,-0.023984338475710645
19920430,0.013324828844847751
19920529,0.006386562424746466
19920630,-0.019445850948430515
19920731,0.03912455468405008
19920831,-0.02103877100709887
19920930,0.012384000738181505
19921030,0.010921146587752334
19921130,0.03939665921232723
19921231,0.01758644789351599
19930129,0.012538068878083895
19930226,0.005410337692275356
19930331,0.024779438089221385
19930430,-0.025718914057602276
19930528,0.029143181902793306
19930630,0.005419289090657824
19930730,-0.0008063249926410868
19930831,0.03873598030467895
19930930,0.000628802262413607
19931029,0.017890015105283645
19931130,-0.017756721589258985
19931231,0.019366257590963266
19940131,0.030974304799305713
19940228,-0.02450480522727839
19940331,-0.04687674592224315
19940429,0.009450205811485816
19940531,0.009309531525720607
19940630,-0.028276025351736882
19940729,0.030196462970391462
19940831,0.04174540804272681
19940930,-0.018508225395893023
19941031,0.014415594234310233
19941130,-0.037915804916485135
19941230,0.01250152922292523
19950131,0.02014864585622505
19950228,0.03888123245930756
19950331,0.026705220082861934
19950428,0.02473944076220819
19950531,0.033345797272807925
19950630,0.030666925909742685
19950731,0.03999060901508207
19950831,0.0092520673219408
19950929,0.03570878431323624
19951031,-0.011403776593879441
19951130,0.041881592947512036
19951229,0.015077757166345665
19960131,0.027732864386523805
19960229,0.016220729757543836
19960329,0.010854872127382887
19960430,0.025238804863625546
19960531,0.02645690896236031
19960628,-0.008323544787441834
19960731,-0.0553531032177707
19960830,0.031935587099783315
19960930,0.05162898803613231
19961031,0.013580367952354637
19961129,0.06353239015750488
19961231,-0.011447270708778547
19970131,0.05206194889696797
19970228,-0.001067569649746944
19970331,-0.0459015402635538
19970430,0.04152190952259413
19970530,0.06919018535262353
19970630,0.043137072657689485
19970731,0.0737271139221465
19970829,-0.03699598968672613
19970930,0.05680840815065854
19971031,-0.03503874976452782
19971128,0.029902432514287244
19971231,0.01766505018756449
19980130,0.004500855934645384
19980227,0.070757580138959
19980331,0.05000181078149956
19980430,0.010864764116750903
19980529,-0.026083229049396417
19980630,0.031342647136957814
19980731,-0.02365457653626192
19980831,-0.1718090077774171
19980930,0.061860563607973616
19981030,0.07176795072358334
19981130,0.06015486443888943
19981231,0.06114966043012452
19990129,0.03772632788484601
19990226,-0.038827110624920454
19990331,0.03722352779796654
19990430,0.04792502814239404
19990528,-0.020925417389133307
19990630,0.04957366667497553
19990730,-0.031318339319395254
19990831,-0.009956400871590606
19990930,-0.022929892095395026
19991029,0.06025467104014316
19991130,0.0361602655265529
19991231,0.08042263549182184
20000131,-0.04042832201944356
20000229,0.03126608187399875
20000331,0.05211700504476007
20000428,-0.06136383246531754
20000531,-0.03963519904068995
20000630,0.050289991247236404
20000731,-0.017837140132189636
20000831,0.07230577774793216
20000929,-0.05250876962048121
20001031,-0.024784616822631028
20001130,-0.1079917521040322
20001229,0.0202437064770425
20010131,0.03881197578538929
20010228,-0.10434325546468995
20010330,-0.0730094987735002
20010430,0.08050567740958438
20010531,0.010395776182120424
20010629,-0.0177170236801631
20010731,-0.018453218158352807
20010831,-0.06079088563749798
20010928,-0.09595708900496802
20011031,0.02746632327146532
20011130,0.07583911571680714
20011231,0.017696489375335692
20020131,-0.016094829681291025
20020228,-0.021938907518753964
20020328,0.04372784843429879
20020430,-0.05087233037375655
20020531,-0.01056562010478286
20020628,-0.07284922624532045
20020731,-0.08460518328788535
20020830,0.007917573131099385
20020930,-0.10527496376193854
20021031,0.07226484606848109
20021129,0.05947761131014305
20021231,-0.05480894072059509
20030131,-0.023644337223033093
20030228,-0.015537077701873736
20030331,0.010268102140702293
20030430,0.07952072531059723
20030530,0.06153808683314335
20030630,0.0162138423630008
20030731,0.022848962892715412
20030829,0.024658465665908402
20030930,-0.009161841792386273
20031031,0.058609416182262
20031128,0.016457823986885667
20031231,0.04447228409939633
20040130,0.022780541845201566
20040227,0.015324970477726895
20040331,-0.01071924639296847
20040430,-0.02452017745816344
20040528,0.013969964064477619
20040630,0.021380793101873418
20040730,-0.03842694826799801
20040831,0.0026993534650778294
20040930,0.020347576823425844
20041029,0.01764933022301267
20041130,0.047087763526462316
20041231,0.03456566443730907
20050131,-0.026904707469147596
20050228,0.02239338602774903
20050331,-0.01708919199372571
20050429,-0.025529112358768855
20050531,0.03725146776942147
20050630,0.01146304750632412
20050729,0.04244339933275116
20050831,-0.005975819697091153
20050930,0.010544213875671097
20051031,-0.021086771456474016
20051130,0.03953412557293917
20051230,0.0034520348656675083
20060131,0.039289941526173065
20060228,-0.001640344629933101
20060331,0.018885540233695857
20060428,0.01291622526654623
20060531,-0.03152369137247645
20060630,-0.00039107646043136553
20060731,-0.001913830205273769
20060831,0.024732611790392923
20060929,0.019238742853029484
20061031,0.03647945934789636
20061130,0.023458680877960308
20061229,0.010798485919434215
20070131,0.019201466242920868
20070228,-0.014105009590714226
20070330,0.012870814561260824
20070430,0.039061085028774666
20070531,0.03821347529026317
20070629,-0.014856817999200907
20070731,-0.03230627308534482
20070831,0.011526316058612526
20070928,0.040010785579234695
20071031,0.025580023602769626
20071130,-0.05062194084840944
20071231,-0.00441473059853868
20080131,-0.06423776636882102
20080229,-0.021935840979450807
20080331,-0.01049892130139529
20080430,0.04993141745399701
20080530,0.023653048040093827
20080630,-0.08168305230346953
20080731,-0.013503766835295082
20080829,0.010541245337720587
20080930,-0.10333146446407898
20081031,-0.20436841248787593
20081128,-0.08848701065620095
20081231,0.02198749363842939
20090130,-0.08064080316365775
20090227,-0.10555497900904266
20090331,0.08324956022100286
20090430,0.10389414105591023
20090529,0.06559764756511177
20090630,-0.003024569402048482
20090731,0.07861892534557557
20090831,0.03102762590434506
20090930,0.044292445532722366
20091030,-0.028480753544912866
20091130,0.05551606592462739
20091231,0.028087817961837132
20100129,-0.03789503225662836
20100226,0.03416371730726877
20100331,0.06174211483551899
20100430,0.019840861859347053
20100528,-0.0825851870367497
20100630,-0.05213786146025364
20100730,0.0680174625970001
20100831,-0.04383381717478755
20100930,0.08770771782140145
20101029,0.0378794294189047
20101130,0.005107932273730552
20101231,0.06505057751432478
20110131,0.019008194170673186
20110228,0.037457621358428124
20110331,0.003337424597757788
20110429,0.028200598747222066
20110531,-0.015069983940557169
20110630,-0.01862538052316844
20110729,-0.02280813932600849
20110831,-0.0593222827282518
20110930,-0.08886400112936324
20111031,0.10815012108800254
20111130,-0.006292757935525059
20111230,0.0036642783246575465
20120131,0.05272526862288086
20120229,0.04042479564722585
20120330,0.02375461182956506
20120430,-0.0068635000214026225
20120531,-0.06789454629551828
20120629,0.03747014333811479
20120731,0.010253255263965148
20120831,0.025995178517061936
20120928,0.026186130882821103
20121031,-0.014163835208273398
20121130,0.00619974182266056
20121231,0.01250152922292523
20130131,0.05277175093186469
20130228,0.008249875997963164
20130328,0.03471055767539524
20130430,0.014831468003892548
20130531,0.018973852584726305
20130628,-0.015185721626298086
20130731,0.05134879284748242
20130830,-0.026098625563523267
20130930,0.036827467007577094
20131031,0.03913224770186715
20131129,0.024666270780014342
20131231,0.025823680009458193
20140131,-0.030507662266870014
20140228,0.04518844767345667
20140331,0.004533707200542176
20140430,0.001567770405487767
20140530,0.020057496774978863
20140630,0.02760641213083619
20140731,-0.02078144618312583
20140829,0.039437035907673126
20140930,-0.02553218993681761
20141031,0.020952945818222702
20141128,0.020894188189507057
20141231,-0.003668721536528672
20150130,-0.027583963519808026
20150227,0.05446356376884147
20150331,-0.01046456304788259
20150430,0.008737714743223483
20150529,0.01023741835247928
20150630,-0.019425458433298542
20150731,0.012037260610503414
20150831,-0.06185625496525578
20150930,-0.03437718201123762
20151030,0.07139558266324679
20151130,0.0024071006074230772
20151231,-0.02247876496042646
20160129,-0.058844893971980824
20160229,0.0006128121922468237
20160331,0.06817627149324773
20160429,0.011656794807071536
20160531,0.014251956669463398
20160630,0.0029247188371466794
20160729,0.03811336950531643
20160831,0.0028020705310104655
20160930,0.00301046400256777
20161031,-0.021801944599716884
20161130,0.039742692283084344
20161230,0.01859798043178932
20170131,0.021930753385509056
20170228,0.032102167087132726
20170331,0.002061872878416488
20170428,0.009610669214288181
20170531,0.009291698160683188
20170630,0.00953440278292086
20170731,0.020090821058485437
20170831,0.001591732521383708
20170929,0.023480170562424157
20171031,0.019126908853807648
20171130,0.02689506346264442
20171229,0.01205603309734963
20180131,0.04939759869134127
20180228,-0.04028151560530131
20180329,-0.018617230157064128
20180430,0.004681026878536684
20180531,0.02582757802945905
20180629,0.005350659655267259
20180731,0.03111487248942358
20180831,0.029784990251340702
20180928,0.0004249097130802858
20181031,-0.07692964162909803
20181130,0.01834273864771653
20181231,-0.09418980765565446
20190131,0.08461133251897887
20190228,0.03219997147552888
20190329,0.012878712223355451
20190430,0.037192696578656786
20190531,-0.06366317103495114
20190628,0.0651124189267275
20190731,0.011784291682829578
20190830,-0.020548685528425873
20190930,0.015905828943776734
20191031,0.0190729493812826
20191129,0.0343985281624069
20191231,0.02809267946490697
20200131,-0.0017294947141588467
20200228,-0.08112112228693659
20200331,-0.15284003909218138
20200430,0.12193175115604293
20200529,0.05234479137078281
20200630,0.024984277369137504
20200731,0.054042063059073726
20200831,0.06620151260043798
20200930,-0.03568521041510274
20201030,-0.02038537706184578
20201130,0.11663304133298076
20201231,0.044063774269627896
20210129,-0.0006311991642862316
20210226,0.028777914904102413
20210331,0.03011495823773526
20210430,0.04706677522553132
20210528,0.007066970039974518
20210630,0.023151914128679243
20210730,0.011758595946047305
20210831,0.026785056049202012
20210930,-0.043162230738151244
20211029,0.06265362082858586
20211130,-0.01851739356299825
20211231,0.032803048541982294
